name,surname,email
Clara,Zhang,clara.zhang@example.com
Bob,Jones,bob.jones@example.com
Emily,Patel,emily.patel@example.com
David,Rodriguez,david.rodriguez@example.com
Anne,Smith,anne.smith@example.com
